generation,avg_bb_size,var_bb_size,avg_shortest_dist,swarm_density_count,prey_neurons_connected_prey_retina
1,652.762670,322738.533951,30.362634,0.827089,6
2,552.890041,212542.242228,30.014424,0.871299,5
3,741.344566,1000626.407711,30.570511,0.829070,8
4,547.909939,178092.557287,30.280829,0.850840,6
5,523.014119,119279.745542,29.689925,0.892039,6
6,629.450569,258380.922544,30.235537,0.886153,5
7,623.953123,258246.102198,30.532822,0.839919,5
8,813.430104,976367.879895,29.630284,0.874886,8
9,610.965792,227984.866087,29.913841,0.877162,7
10,708.073299,518018.498166,30.225483,0.871378,6
11,559.712898,136449.692191,30.182664,0.854406,6
12,753.425638,869302.792766,30.125827,0.844239,2
13,668.634819,361875.321222,30.158027,0.858231,6
14,623.711119,288247.180879,29.536956,0.878929,7
15,738.160096,493230.002745,29.993447,0.854066,4
16,677.100326,357530.637531,30.291504,0.849156,6
17,846.128997,749856.520018,29.752177,0.880452,5
18,1092.697979,1858747.440782,29.540424,0.884781,7
19,944.189299,1854579.350942,29.749958,0.890164,7
20,732.390989,994810.231083,29.663754,0.864814,8
21,742.341004,391676.663949,29.267103,0.890559,3
22,699.230413,720778.875503,29.583152,0.893257,3
23,670.032620,291936.514957,29.350628,0.880811,3
24,796.291460,1260723.014767,29.758026,0.887993,5
25,662.119522,309210.179818,29.036045,0.917007,2
26,1002.897715,1921691.666932,29.572515,0.862563,5
27,668.496563,749766.343178,29.199819,0.921713,4
28,753.150767,567373.329201,28.910335,0.966074,4
29,1283.839930,5603020.627489,28.532123,0.937727,1
30,1161.158241,2713549.894242,28.530362,0.958609,3
31,1112.375777,2360419.781768,28.447837,0.951211,2
32,2722.128971,38718778.358952,27.929227,1.006248,2
33,1118.473598,2611235.264819,27.499091,1.016114,5
34,1638.760083,12676684.843903,27.853538,0.936737,7
35,2434.276363,32165324.927903,27.945117,0.984032,3
36,2173.472456,20525696.845813,27.974727,0.953393,3
37,2847.962542,59290370.896070,27.373045,1.020143,3
38,3891.770082,191552856.154619,26.648074,1.038099,3
39,4408.359655,110546118.707842,26.882404,1.042963,6
40,7425.344976,255237945.586310,26.750416,1.040865,6
41,3473.409806,114803694.220473,26.645695,1.039682,4
42,9127.555586,463447389.467282,25.947640,1.100010,4
43,5767.515885,113602307.963205,26.782195,1.001379,0
44,8113.559429,462489033.544844,25.750145,1.095052,2
45,8184.966402,507143119.791549,26.346860,1.075375,3
46,9379.394396,633811877.042993,26.358342,1.084413,2
47,5203.484542,241389233.621187,26.815237,1.051853,4
48,6098.862428,195813649.508150,26.891790,1.068847,3
49,1972.824729,37619647.581268,26.063217,1.050051,3
50,11734.060776,645466972.265464,25.330374,1.085048,3
51,5300.793329,231783236.871962,27.027876,1.012669,6
52,4608.257239,225006906.839337,25.911243,1.117934,7
53,13528.248588,965177749.645871,25.997149,1.117704,5
54,5092.950436,136469641.776813,25.793643,1.095658,6
55,8065.185510,394275957.683945,26.573278,0.997130,3
56,8459.929756,455600970.160345,26.289579,1.141917,2
57,10595.802240,689723913.481714,26.059744,1.050832,5
58,10077.611034,542709852.976876,26.088318,1.108311,5
59,6573.070799,381759030.267597,25.720059,1.122458,4
60,8024.199760,582836675.216925,25.786704,1.072309,6
61,9192.164178,716763984.371882,25.683738,1.101157,4
62,2218.890370,22214247.365438,25.691994,1.107978,5
63,6324.889093,217825455.422554,25.828921,1.135875,2
64,8442.614114,202227012.101362,24.844641,1.189017,5
65,15325.934171,1344153509.973323,25.475892,1.132123,7
66,20576.491023,1195950801.704943,24.609984,1.227723,3
67,11009.565610,663103108.431810,24.939986,1.165946,3
68,20738.467186,1731126677.068239,24.142344,1.327136,3
69,18267.264093,1094445259.095808,24.894838,1.165315,3
70,15890.595758,1223514419.697846,24.969000,1.188171,3
71,19739.463530,1585355201.009361,24.299106,1.243685,6
72,16802.819937,924070526.470851,25.208502,1.128069,12
73,13195.780870,1081912706.166628,24.576458,1.223872,7
74,14764.720888,988595759.153145,24.164558,1.287553,3
75,21140.420163,1414173508.803691,24.339756,1.251330,12
76,15209.024003,867346866.489225,24.663784,1.198028,4
77,17307.999270,900896539.051487,24.458012,1.209637,3
78,23123.684593,1614645525.394900,24.684496,1.221728,2
79,17473.514848,1467988652.598976,24.761794,1.253240,4
80,12827.641269,777875930.838743,23.886851,1.379115,4
81,10127.298406,337017550.994665,24.467688,1.250942,4
82,30714.383319,2191337198.354426,23.846640,1.306811,4
83,29549.113623,1986150803.171405,24.021704,1.261430,2
84,18521.990580,1157595679.398274,23.809929,1.342176,4
85,11334.895629,759665047.750552,23.477659,1.358623,4
86,26397.655678,1649872171.093289,24.281617,1.257557,3
87,20684.476704,1487276676.882045,24.394334,1.260942,7
88,18048.032947,1006113047.700792,23.462013,1.333568,4
89,30561.540560,2151710918.713878,23.212347,1.450602,5
90,24250.831116,1481895100.076211,22.863376,1.446274,6
91,28210.537346,2095370621.855196,22.915372,1.531105,2
92,25849.364490,1619458193.254582,23.297335,1.429168,4
93,18901.542269,1175193429.495119,22.939076,1.411703,4
94,35329.819762,1950082290.998752,22.578364,1.575618,5
95,27776.373482,1520491813.132442,22.037923,1.636307,2
96,32124.112394,2178800210.461873,22.374152,1.552793,6
97,38017.662973,2537019845.494526,22.318252,1.535191,2
98,29789.130692,1762836854.122938,22.690680,1.465172,0
99,24720.521411,1701964841.580883,23.064225,1.486750,8
100,25832.959540,1849448196.798901,22.868194,1.507497,2
101,32864.603656,2104401910.130290,21.643654,1.650163,8
102,34643.614410,1964810400.909738,22.300231,1.601499,2
103,33316.553152,2407159581.037065,22.414169,1.654304,3
104,31512.943047,2211744999.037202,22.612425,1.540670,4
105,35818.575224,2514359211.468054,22.060390,1.686247,3
106,33738.636139,2596591885.391696,22.436817,1.702781,3
107,33492.117310,2093259617.997531,22.720626,1.497721,3
108,24869.042141,2040489112.287304,22.503238,1.576570,3
109,30035.407461,1809825480.819764,22.297885,1.579826,4
110,20400.616380,1370169574.885313,22.913510,1.459053,3
111,28150.914698,2031311098.469638,22.052120,1.750877,4
112,27195.131954,1582442821.172352,22.896059,1.522532,2
113,33851.612609,2192077279.119008,21.599111,1.779161,1
114,33173.727864,2412609693.973005,22.371317,1.594410,2
115,26137.189404,1599699014.832831,22.672170,1.485345,3
116,36821.438162,2598284249.733735,21.691812,1.675757,2
117,37775.543254,2331109799.183708,21.900277,1.674570,2
118,44981.694916,2518574540.681807,21.895206,1.588448,3
119,36580.581675,2482443947.463164,22.672122,1.521382,3
120,36891.613249,2285625350.867524,22.432754,1.585268,2
121,31144.094910,1966413981.413749,22.406968,1.616033,2
122,23104.898730,1267678286.623536,23.132826,1.460049,3
123,29765.020013,1985964682.119160,22.477878,1.584779,4
124,22238.031831,1474962920.607809,22.362219,1.585834,2
125,31364.223885,2181111835.038795,22.334662,1.592921,3
126,35899.192047,2199457140.115324,21.952394,1.615484,2
127,34756.395791,2164479667.542581,21.918124,1.648842,3
128,32957.115806,2363516672.962716,22.006472,1.591673,2
129,40538.806414,2134601151.525530,21.479684,1.758370,2
130,41511.921948,2107890793.300269,20.741333,1.892127,3
131,26075.252922,2017778739.071682,21.588688,1.627137,2
132,41256.614178,2482181247.673134,21.322884,1.782359,2
133,36221.744883,2207582079.920741,22.085479,1.712203,2
134,23110.959673,1145259539.900061,21.471247,1.823858,2
135,32234.229219,2142747290.337731,21.008960,1.898758,1
136,31471.719682,1787952512.889389,21.353640,1.719697,2
137,36423.693950,2009210667.202139,20.739423,1.975590,2
138,31808.636916,1572071336.296520,20.882913,1.872666,2
139,39362.742588,2459749619.913223,20.893191,1.876216,2
140,22473.099803,1539332210.127869,20.980360,1.914565,2
141,34602.335884,1966742677.465609,20.337662,2.022164,2
142,29700.071054,1908446655.243460,21.000023,1.962301,2
143,38781.816897,1665419493.828081,19.542624,2.217217,1
144,51112.547174,2302141088.337887,19.881241,2.249041,2
145,30478.413343,2119659508.361283,20.416570,1.981976,2
146,35978.614977,2192425643.186298,20.815606,1.991227,4
147,31513.986577,1809961466.025230,20.282893,2.113384,2
148,37276.481681,2238263247.096892,19.337227,2.527236,2
149,47818.390126,2598571922.492707,18.661278,2.717331,2
150,49074.065976,2099289196.764240,18.797792,2.490418,2
151,43378.365473,2285786854.553155,19.411247,2.514770,2
152,47780.833476,2199588576.931701,18.645930,2.696342,2
153,41754.550215,2041474485.098708,18.989199,2.629280,2
154,43492.997263,1924197091.533955,18.186931,2.979641,2
155,36364.056978,1814643145.720890,18.378624,2.970775,2
156,51127.805904,2141272282.702401,17.145541,3.521456,2
157,49707.402133,1868842203.456299,16.786825,3.844454,2
158,38718.500379,1841557442.842987,17.194441,3.595454,2
159,44449.419372,1860241806.926738,17.587698,3.253617,2
160,44847.914080,2003368727.436417,16.789111,3.656280,2
161,36637.180771,1919090118.229566,17.284965,3.789237,2
162,43880.237728,1861822299.557435,17.095402,3.573490,2
163,42249.782652,1668862218.606215,16.698395,3.858278,2
164,55131.486829,2190280899.093595,15.845940,4.192638,2
165,46268.178333,2115758978.406578,16.071304,4.238040,3
166,41797.969445,1712153801.710863,16.237948,4.428672,2
167,28095.340099,900268321.172377,16.172609,4.742928,2
168,33399.774907,1452823073.658265,17.397920,3.711570,2
169,48207.930213,2002237138.169219,16.056699,4.223623,2
170,40547.446326,1731999661.759704,15.806459,4.740550,2
171,47649.049374,1982939421.401653,16.264199,4.274140,2
172,43051.082073,1719557994.891236,15.986455,4.604899,2
173,44947.643732,2287951068.653251,16.806006,4.040559,2
174,46097.653706,2179960349.078305,17.063957,3.665458,1
175,38128.054667,1948992190.919296,16.520477,4.645962,2
176,49779.411175,2133465153.360155,15.882898,4.416785,2
177,48013.639243,2066971063.387648,16.146877,4.177638,2
178,47358.570008,2104483216.279614,16.079117,4.367766,2
179,43827.644851,2101407366.247275,16.238124,4.420719,2
180,40621.569152,1699973904.941861,16.316276,4.279524,2
181,42388.230995,1722290608.235579,16.574633,4.082517,2
182,43388.187102,1776815391.113644,16.157329,4.271816,2
183,38420.719757,1918992271.302914,16.526961,4.430712,2
184,43192.322967,2015953972.978471,16.605778,4.226928,2
185,45956.659102,2052992884.297822,15.743387,4.846711,2
186,43991.832444,1984266966.538650,16.002732,4.693607,2
187,42754.227289,1813482539.640629,15.836008,4.782479,2
188,41861.565218,1955397738.788703,16.225756,4.583498,2
189,38460.801543,1963221448.722029,16.248128,4.793645,2
190,39448.218334,1803173643.890292,15.763172,4.938489,2
191,43793.610484,1469208359.875702,16.083680,4.342536,2
192,46482.287691,1988657162.887468,16.291376,4.501594,2
193,44982.979474,1851952859.362887,15.847153,4.666230,5
194,34083.028132,1467668781.191873,15.836449,4.873476,2
195,50402.609615,2027643824.310157,16.333361,3.897696,2
196,45398.994622,2047325145.233126,16.003402,4.875558,2
197,40911.583710,2044934188.452949,16.863861,4.009376,2
198,42119.100206,1869807974.672937,16.439697,4.200784,2
199,45741.157599,2142384001.816386,16.372038,4.189612,2
200,44046.586796,1883260237.883488,15.365121,4.992747,4
201,41248.603016,1381602144.701287,16.173013,4.442554,2
202,38831.015220,1806832447.237059,15.710987,4.817456,2
203,43591.696170,2052313021.656034,15.479934,4.889597,2
204,44768.252318,1908029503.513119,15.411308,4.886317,2
205,45305.535631,1908314005.890229,15.795259,4.691390,2
206,41114.145849,1732431684.160268,15.351925,5.327915,2
207,49133.584424,2150006764.651542,15.095338,5.339169,2
208,43837.240636,1989146658.582484,15.495360,5.073128,2
209,44000.762299,1887434308.847722,15.874795,4.819613,2
210,43437.699976,1942989198.962147,15.937565,4.688814,2
211,37139.756175,1649323129.036615,15.910110,4.865325,2
212,37123.200871,1753132349.308220,15.732869,5.106478,2
213,29155.643819,1457649597.620793,16.322955,4.654940,6
214,32904.132302,1436948916.579980,15.604034,4.961027,2
215,41799.988969,1919722817.300796,15.122435,5.828813,4
216,33571.449297,1245495902.447163,15.390602,5.008770,2
217,50504.783454,2208187126.226800,15.468725,4.710952,1
218,47937.121674,1912286046.258692,15.483391,4.980583,2
219,35726.952625,1578980100.122367,15.653016,5.490764,2
220,48434.962918,2044691729.724499,15.411886,5.096147,2
221,48807.027991,2003189033.808934,14.646013,6.082070,2
222,35895.085715,1988491807.852789,15.245785,5.928455,2
223,45458.919459,1981967325.072589,15.454302,5.183529,2
224,42238.766085,1822153186.829740,15.590613,4.873282,2
225,42614.257711,2260100716.932827,15.668553,4.964255,2
226,42266.968230,2065689148.385048,16.235335,4.663500,2
227,44013.093660,1944063486.844615,15.707099,4.949517,2
228,45574.749584,1895884791.817085,15.366042,5.372225,2
229,42865.550625,1936485238.137895,15.969844,4.946380,2
230,48398.619784,2065514210.950579,15.150394,5.616100,1
231,48101.412095,1989032850.403414,15.502804,5.100647,2
232,40761.357163,1765254083.420040,15.667141,4.836270,0
233,40211.490901,1729553268.969280,15.857508,4.697217,2
234,31074.898839,1061250929.762924,15.984487,4.935136,2
235,46179.297299,2197030758.401878,16.158560,4.867546,2
236,44839.065067,1969305370.773657,15.821702,4.855702,2
237,45083.366274,1968877390.792076,16.153776,4.352135,2
238,34082.203740,1313554096.353796,16.380711,4.748538,2
239,46540.004691,1898253151.441199,15.482585,5.072225,4
240,38231.769503,1828808641.707259,15.972091,4.940088,2
241,44980.736784,2062556845.248566,15.840693,4.841561,2
242,40539.196065,2127544696.275705,16.702073,4.622262,2
243,38013.097279,1888764173.726082,16.183777,4.987073,2
244,41519.460290,2204866920.797242,15.889759,4.791845,2
245,47028.745218,2188630265.723548,15.828610,4.816489,2
246,36024.785190,1670509799.495230,16.507682,4.422420,2
247,44326.134542,1746661089.073185,15.801631,4.899485,2
248,37948.821508,1523781572.515861,15.862029,4.905345,0
249,42365.823278,1783436649.724707,15.723356,5.064332,2
250,45961.823111,1911827574.726981,15.296880,5.171153,2
251,46209.497107,1948145988.230803,15.497455,4.933046,2
252,34277.512157,1336912181.239906,15.832278,4.861435,2
253,40442.471373,1935114999.730562,16.276913,4.207961,2
254,44148.572197,2005486459.238103,16.149409,4.452916,2
255,39222.750751,1766647391.633138,15.649659,4.891396,2
256,49913.603031,2064004010.953415,16.240668,3.967251,2
257,43858.421906,1904399235.056767,15.378749,5.453065,2
258,47633.144449,2057822672.572397,15.941442,4.897564,2
259,43937.384179,1836525540.081761,15.835344,4.613234,2
260,42450.467950,1755142762.022434,16.323917,4.185573,2
261,44534.682460,1877086162.209567,15.551868,4.834413,2
262,46676.927305,2007925802.591167,15.202999,5.513574,2
263,37241.836381,1632223888.504020,15.885640,4.734053,2
264,44611.009471,1828429474.286589,16.175156,4.423571,2
265,38507.546372,1432396126.807468,16.152677,4.435810,2
266,48328.123575,2177251359.350392,15.140148,5.445095,2
267,43223.955370,2019780085.423749,15.606635,4.641462,2
268,46167.363064,1903818823.885191,14.968472,5.582677,2
269,32621.216818,1911106027.600842,15.760741,4.893198,4
270,35818.824365,1656364672.666803,15.741624,4.985670,2
271,45153.677862,1918307024.495133,15.999511,4.780684,2
272,41674.314536,1616941339.104043,16.071229,4.609398,2
273,43617.855258,2056265579.856575,15.457816,5.086368,2
274,41680.013999,2091792792.433175,15.683265,5.321983,2
275,44616.380940,2037761636.856296,15.678239,5.350193,2
276,41153.969526,1866359254.885464,15.664877,5.372932,2
277,41394.206274,1663507376.739620,15.641313,5.140246,2
278,37026.978197,1628630528.801676,16.015499,4.931087,0
279,41019.539306,1940280210.526166,15.981032,4.638618,2
280,47785.157270,2254078813.179011,15.310399,5.290893,2
281,29692.294784,1187401587.166986,15.707798,5.822786,2
282,33770.157833,1645444192.320548,15.682699,5.254984,2
283,49401.545061,2112111916.148211,15.442744,4.716676,2
284,44559.398014,2055696852.292434,15.054282,5.784893,2
285,44408.589352,2073959199.744443,15.380613,5.679302,3
286,40176.045510,1639664942.211714,16.122506,4.684023,2
287,43475.966291,1690518461.037891,15.755413,5.313081,4
288,41886.528053,1997821855.884141,15.510669,5.537588,2
289,37492.091960,1727295710.366893,15.091962,6.090562,2
290,31006.684924,1363558463.245991,15.928755,5.103264,2
291,43363.547708,2002502804.120502,15.074720,5.898531,2
292,40179.300012,1340592107.821583,15.363173,5.587049,2
293,41461.580814,1814443222.481092,14.890537,6.326848,2
294,42559.027992,1858291451.157791,15.296828,5.610935,2
295,39931.789227,1977113886.330134,15.621061,5.400106,0
296,45305.601791,2109282658.747481,15.532796,5.348370,2
297,48022.524727,1910319862.569122,15.685441,4.939044,4
298,42704.811330,2006155516.803575,14.741636,6.544259,2
299,32569.141256,1445601072.284360,15.026646,6.061462,2
300,43095.922055,2044595265.046499,14.714270,6.498070,2
301,35383.953427,1589435651.526915,14.767470,6.465762,5
302,47571.499580,2042541707.290304,14.697458,5.979549,2
303,34359.046123,1793475058.529798,14.290199,7.804923,2
304,35439.962091,1491144044.453930,13.828090,7.790688,2
305,42149.754125,2203559526.080280,14.560274,6.539536,2
306,27831.329177,1052802086.425886,14.995664,6.579967,4
307,27759.337290,1038466139.936506,14.907389,6.196046,2
308,46947.812024,2056167477.304740,13.999302,7.084431,4
309,42053.579477,1865654713.231835,14.662403,6.302323,3
310,40324.198888,1890536771.994637,15.320167,5.806988,2
311,40203.591601,1891274763.302844,14.660154,6.619401,2
312,40396.148488,1984838528.573859,14.173799,7.440359,0
313,47559.364791,2064407267.921822,14.201046,6.848410,4
314,36173.377433,1660755438.590204,13.832376,8.026593,2
315,36615.809399,1403121224.006618,15.125883,5.776864,4
316,36487.505773,1718115958.988730,15.214497,6.344277,4
317,39990.287414,1827407493.676473,15.010638,6.094833,2
318,38032.058356,1774531142.019397,14.216114,7.166169,3
319,41941.813940,1861817909.926702,14.225644,7.592405,2
320,42548.518531,2056608431.377481,14.685809,6.420784,4
321,44762.235405,1842237594.609133,14.251492,7.158442,3
322,32666.191724,1348663450.363631,14.539839,7.382563,2
323,40139.477643,1729408596.059692,13.998216,7.299901,2
324,43148.206753,1833154633.577178,14.456332,6.732210,4
325,42428.171141,2143070340.584510,15.054144,5.996763,3
326,43368.699328,2153072717.666591,14.176938,7.720688,4
327,43022.336006,1905176017.608711,13.870379,7.633340,3
328,39524.515333,1844574671.963333,13.958886,7.892907,4
329,39655.601856,1913505488.864136,14.813703,6.800149,3
330,31667.415280,1676952350.780704,14.554777,7.890187,3
331,32806.279960,1412446433.014429,14.172194,7.448997,2
332,28708.195907,1153627475.187365,13.596110,8.794322,4
333,32545.393636,1742140304.353259,14.303505,7.817546,5
334,27918.587282,1465437746.258765,14.464801,7.475861,3
335,40558.921346,1898508294.307746,14.579554,7.059645,3
336,43172.016244,2108416008.591968,14.665830,6.722471,4
337,35872.257075,1644954767.475077,13.939359,8.052464,2
338,37590.048705,1456917439.135405,13.734497,8.007106,1
339,39122.039729,1816891443.828006,13.833528,7.960889,2
340,35737.738966,1831814882.295105,14.100410,7.908601,0
341,36524.527013,1814560021.305322,13.749925,7.941327,2
342,27647.922129,1124493493.612163,14.730631,6.948000,2
343,37198.286726,1889778192.726826,14.675780,6.965093,2
344,32909.913743,1575285227.095831,15.166804,6.877350,3
345,38349.836510,1968055452.049755,13.862918,8.415141,2
346,35456.737653,1995297423.934197,14.559653,7.043027,2
347,34162.039729,1569823033.822459,14.116440,7.907884,2
348,44139.420109,1996817535.928367,14.197896,7.162987,2
349,37760.742043,1779669446.597407,13.557195,8.328456,2
350,36776.551421,1783750426.724322,14.505964,7.577224,2
351,43422.341338,1973462052.452919,13.517926,8.628394,2
352,35303.280190,1783887141.465467,14.168515,7.910193,2
353,33844.165444,1707342473.643697,14.361017,7.598148,2
354,39242.960757,1760938085.989980,14.234288,7.584065,2
355,38052.270299,1847933745.886428,14.437372,7.286289,1
356,42863.088843,1910954004.865034,13.787805,7.779107,2
357,41290.329138,1783623588.426131,13.907831,7.621676,1
358,40789.779023,1945614506.171691,14.265418,7.434863,2
359,38262.174988,2075175072.452671,14.157483,7.859192,0
360,28262.153685,1050415385.293720,14.289647,7.676776,2
361,44707.982224,1952379577.492324,13.664518,8.006831,2
362,34389.708043,1727186172.486396,14.400040,7.173932,2
363,41386.708535,1828249123.170138,13.788890,7.615358,2
364,40032.448816,1958744639.687441,13.796090,8.530514,2
365,37734.543023,1784417918.800206,13.802740,8.430499,2
366,29431.038333,1146867298.336144,14.035880,8.362786,1
367,34025.266063,1308308130.593771,13.977300,7.888873,2
368,41440.013229,2061510063.750211,13.619250,8.745207,2
369,42632.656938,1810463927.676347,13.706172,8.378628,2
370,42119.236101,2006229007.608579,13.230154,9.031296,2
371,43288.935092,1915990299.440574,13.122057,9.022612,1
372,29947.978025,1391404297.739032,14.136529,7.973376,2
373,38480.004287,1714222262.893840,13.928928,8.157513,1
374,29454.457897,1281462820.250102,14.397330,6.921536,2
375,30597.072824,1285896615.566900,14.046708,8.167058,2
376,36625.213428,1889948223.327494,13.880744,7.885605,1
377,40737.673980,1857334337.800015,13.521365,8.810169,1
378,38380.927349,1984611099.478619,13.006940,9.470270,1
379,36381.409110,1766856446.028551,13.441219,8.490325,2
380,37070.059979,1806714980.586008,13.505025,8.983574,3
381,30832.154197,1052765006.661259,13.623899,8.021206,1
382,36549.119195,1863102296.066668,12.752576,10.839854,2
383,40314.534158,1837735266.283154,13.458413,8.662935,1
384,42349.604042,1909533463.429538,12.597356,9.954593,3
385,39342.589183,1786688989.288158,13.849385,8.948212,2
386,30953.479439,1462271342.155015,14.415145,7.610994,1
387,38975.855486,1825754073.719666,13.550433,9.013644,2
388,38360.210210,1942578083.173859,13.366117,9.257030,1
389,35294.142703,1907658296.044529,13.291481,9.208689,1
390,40881.717652,1729163488.228552,13.645247,8.592048,3
391,44258.835597,2093906669.474914,12.923877,9.618509,2
392,37644.747917,1825342412.399546,13.314263,9.489118,1
393,37045.540618,1971084724.178982,13.889467,8.491761,2
394,30032.266488,1408763386.667256,13.828161,8.203104,1
395,30916.860038,1567850720.785712,14.005889,8.654432,1
396,36187.219102,1537554872.781368,13.785967,8.396769,3
397,37685.991558,1898223034.691468,13.553523,8.664275,1
398,39922.822130,1867125422.387068,13.690864,8.911441,2
399,32925.202638,1820969961.909041,13.774962,9.075959,1
400,32137.564546,1676098239.551071,13.823928,9.212253,1
401,44418.915657,1911900648.248975,12.667898,9.530560,3
402,41172.158780,1755599356.687083,12.968356,9.349374,2
403,32131.224403,1287427334.802137,13.438319,9.191446,2
404,42517.072215,2019035371.363566,13.486038,8.759827,1
405,40207.575313,1863427321.753021,13.431313,8.838741,1
406,35259.569921,1655266965.606537,12.859591,10.190910,1
407,34091.131692,1570126248.633396,14.111221,7.900888,1
408,37226.128465,1490447617.548649,13.180519,9.348969,1
409,41715.314377,2058695501.144040,12.711500,9.945749,1
410,45105.614404,2002918478.626941,12.865856,9.005636,1
411,44657.374169,1990836460.367109,12.489954,9.846655,1
412,39922.032476,1974531619.381887,12.995702,9.416420,1
413,42344.571038,1951070886.952832,13.246600,8.673378,1
414,44323.418147,2047468673.415140,13.481826,8.484744,1
415,33621.426358,1637393452.277597,13.491018,8.620455,1
416,35751.029832,1625180304.073851,13.094665,9.632586,0
417,38926.957217,1586007613.378746,13.299711,8.988601,2
418,32178.497278,1790528398.333995,13.011594,9.886515,1
419,41715.051141,2108043317.643334,13.409022,9.030863,2
420,38622.752586,1735585997.843447,13.108654,9.256832,1
421,41652.640972,1911196692.807504,12.714834,9.593150,1
422,28536.474670,1177327895.616894,13.940687,8.254177,1
423,39095.149928,1860650060.292990,13.134770,9.350092,2
424,38162.364849,1714470519.187746,13.193024,9.192268,1
425,37863.171153,1951511007.549738,13.298603,9.150808,2
426,32890.683600,1497363097.490946,13.963300,8.580819,1
427,44642.036485,1969436933.858798,12.903313,9.360705,1
428,40064.470171,1838003025.006283,13.269625,8.337304,2
429,41359.077672,1894633982.929133,13.157628,9.206372,1
430,42565.999929,1671774334.419121,12.956539,9.590277,2
431,43785.136775,1749855129.838229,12.777508,9.517766,1
432,39176.119946,1841946498.815243,13.617243,8.184869,1
433,30892.592966,1519998377.547411,13.869525,7.932912,1
434,44516.349288,2066115347.721350,13.414926,8.752232,1
435,36500.154090,1675608847.364757,13.978045,8.264282,1
436,35824.319924,1623767081.424033,14.023816,7.444247,1
437,43784.858986,1888057622.561426,13.386167,8.240690,1
438,38908.536739,1794879947.881575,12.892652,9.729516,1
439,41924.794985,1988229453.465805,13.319986,9.350620,1
440,41964.367451,1956663409.176100,13.159831,8.884209,1
441,42618.096188,1904547601.001897,13.375372,8.360785,1
442,40140.375726,1836350241.746462,13.087361,9.481114,1
443,37849.736292,1504324529.826998,13.624092,8.702830,1
444,41262.039207,2027464144.129319,13.137026,9.445991,0
445,38597.650193,1938987189.727731,13.293893,9.817843,1
446,35631.592670,1463380344.130283,13.954419,8.095314,1
447,41226.096320,1821044999.942493,13.044911,9.403644,1
448,43883.021930,2110921275.593965,12.519518,10.044144,1
449,37965.673079,1887804460.654317,13.068892,9.513956,1
450,34431.484570,1617997862.731380,14.363797,7.802781,1
451,43348.213686,2070384611.334601,13.478550,8.270631,2
452,42851.615927,1992984132.228264,12.843831,9.402733,1
453,38330.208228,1642559832.817347,12.797147,9.790791,2
454,39400.570963,1844651696.174180,13.102623,10.269357,2
455,36775.731669,1718300518.425966,13.240198,9.613092,1
456,42602.626041,1961391767.906922,12.927819,9.977347,1
457,39932.848648,1722157431.644846,12.967832,9.624151,1
458,27318.930457,1030296409.623574,13.307673,9.294666,1
459,39451.179970,2012822090.511472,13.961681,8.525877,1
460,42214.962423,1735325546.265349,13.352926,8.873364,1
461,41265.164220,2010820245.803814,12.651279,10.406620,2
462,32257.943388,1239764837.197620,13.751599,8.490840,1
463,32352.882503,1574242350.211325,13.863696,8.320670,1
464,38822.061781,1830999551.609910,13.250750,8.630317,1
465,33204.325124,1590773238.725523,13.571731,9.432524,1
466,36974.817087,1812628048.948459,13.396036,8.744180,1
467,39830.514225,1663714715.346676,13.095801,8.680307,1
468,32592.619985,1390988178.949198,13.270777,9.213873,2
469,37852.012112,1788598924.892984,12.798938,10.214892,1
470,46381.401781,1963175300.015006,12.537876,9.807852,1
471,39403.357818,1909376591.687874,12.489291,10.591815,1
472,38524.440826,1929685887.234934,13.202835,9.473787,1
473,42991.884771,1827858221.552262,12.425338,10.082308,1
474,41150.707879,1889094998.187941,12.765638,9.584393,1
475,40821.674140,1843462908.527120,12.912248,9.428728,1
476,36620.835285,1600721109.734487,12.741898,10.190576,1
477,43439.953773,1987649911.430970,12.244338,10.782880,1
478,33865.167162,1247383914.111199,13.316346,9.115873,1
479,37292.349535,1825226145.790022,12.875388,10.170356,1
480,41175.913218,1958185296.289982,12.888346,9.792174,1
481,40057.303471,2009284032.041487,12.713737,10.190070,1
482,42906.932325,2054035618.451965,12.568971,9.659305,1
483,39658.603876,1721104054.073070,12.968054,9.371825,1
484,42518.068574,2066868785.970880,12.525559,10.763006,1
485,42446.785706,2002292307.129919,12.604935,9.844467,1
486,41167.094099,1851479310.350855,12.914676,8.935708,0
487,38884.273627,1864116174.877364,13.170931,9.534817,1
488,39153.980939,2015160357.225461,13.179670,9.302484,1
489,41377.828617,2139876396.002481,12.483655,10.166890,1
490,36135.643240,1741635001.756102,13.531099,8.822405,1
491,40842.275981,1806332839.128789,13.364925,7.988538,1
492,43227.213421,1920111008.022532,12.791728,9.299701,1
493,42688.298057,1868938798.619826,12.706309,9.670472,1
494,32255.363542,993444584.389449,13.504673,9.022442,1
495,40580.916361,2070175324.877000,13.891475,8.169940,1
496,40397.377649,2036337822.760243,13.923410,7.867548,2
497,43464.746771,1967752159.695701,13.126645,9.115271,3
498,41503.378658,1832950042.075757,13.640351,8.295221,1
499,40190.041475,1709293234.446280,13.188878,9.178508,0
500,39581.774020,1962402763.783623,13.297734,9.100446,1
501,39955.982555,1881920596.307386,12.715904,10.237737,1
502,43253.646110,2080343241.076840,13.328236,8.173064,1
503,30691.309794,1604445865.048742,13.328264,9.440487,1
504,36857.660381,1931161160.186673,13.074734,9.636554,2
505,34048.453946,1743928476.119488,13.122832,10.697502,1
506,36457.227224,1587064571.213517,12.688313,9.948832,1
507,37541.229821,1648446897.165908,13.119939,9.669325,1
508,41760.568360,2071035338.873332,13.242159,9.140196,3
509,37470.289474,1857064358.845270,12.690393,9.843975,1
510,38170.250920,1842602170.131204,13.302401,9.438462,1
511,40092.176392,1969833165.779113,13.142736,9.620526,1
512,38729.556944,1851698062.561072,12.742434,9.991105,1
513,42510.705250,1982769134.127096,12.413316,10.700499,1
514,38350.746087,1867180547.510033,13.127573,9.481511,1
515,35679.648516,1618913887.380363,12.748830,10.834719,1
516,38210.722951,1761147399.804814,12.236806,11.026863,1
517,44086.309076,1974648353.518213,12.438135,10.049623,1
518,40136.208904,1930760665.626995,12.507701,10.131471,3
519,38795.549203,1676761440.871732,12.816944,10.054380,1
520,39037.362520,1832506252.349166,13.091491,9.769777,3
521,38914.018953,1911472501.719450,12.493425,10.475168,1
522,35262.632004,1603100494.464273,12.088054,11.137169,1
523,35824.943360,1624309608.506154,12.430316,10.576812,1
524,39225.864029,1903210224.473680,11.726080,12.196887,1
525,37043.801226,1709826819.178391,12.392572,11.657793,1
526,34618.661299,1604618172.816644,12.413466,11.080397,1
527,37556.757003,1917847388.098936,12.220005,12.107856,1
528,29416.975669,1127921529.718456,12.453336,10.839961,1
529,40905.517013,1917374245.438300,12.187813,11.419848,1
530,37909.040087,1742252640.209249,11.780139,11.862418,1
531,30887.538445,1458744997.122075,12.993179,9.966420,1
532,37792.213740,1831648858.863365,12.548080,11.055159,1
533,33492.214234,1484185206.296004,12.709318,11.407703,1
534,36108.165801,1753741455.766338,11.955198,11.656954,1
535,38104.476283,1945719531.249334,12.128283,11.331679,1
536,37725.473951,1910531940.522491,12.963587,9.698986,1
537,32369.462896,1553100308.125914,12.125399,12.479522,1
538,34147.322123,1671235187.566736,11.577405,12.852234,3
539,41318.999283,1799280230.051044,12.013630,11.130161,1
540,36146.716072,1613022518.009795,12.575913,10.992271,1
541,38949.458252,1882534502.367255,12.545153,10.959374,1
542,34618.327984,1804682800.020979,12.609079,10.894666,1
543,26351.016904,905947925.479509,12.729915,11.258202,3
544,37576.765405,1808138858.891223,12.200758,11.496314,1
545,28810.588893,1087185456.684171,12.597651,11.315123,1
546,36904.249408,1825737971.217788,12.659386,10.811988,1
547,40843.992988,1828510031.591701,12.640471,10.737278,1
548,39819.814337,1838628820.566657,12.996288,9.776745,0
549,35783.654004,1862214461.424584,13.249985,9.655869,1
550,38884.848772,2101404468.045570,12.357051,11.371797,1
551,37053.367992,1863052192.179315,12.945502,10.387113,1
552,35634.504805,1422184312.529708,12.778974,10.326700,1
553,35765.849015,1886952118.951259,12.455440,11.170274,1
554,37515.813985,1905503164.012478,12.263224,11.737745,1
555,36507.317747,1721391225.972085,12.458728,10.439099,1
556,32468.834999,1762269424.017464,13.062587,10.870044,1
557,39691.860531,1882083294.411230,12.680944,10.073594,2
558,38647.414002,1915838118.641705,12.405982,11.207184,3
559,32731.166357,1751778446.264444,12.657891,11.438038,1
560,28510.269693,1450489304.534294,12.746330,11.136356,1
561,31961.839127,1704870667.545762,12.247124,11.659529,1
562,28217.081016,1167644132.006166,12.645470,11.163019,1
563,28593.883710,1222174884.916473,12.902652,11.037366,0
564,32727.661456,1510144522.021154,12.447859,10.995010,1
565,23820.117553,933345503.247238,12.093355,11.782736,1
566,35892.558924,1553285535.276995,12.394778,10.868286,1
567,33830.302152,1719010183.176283,12.442019,11.725457,1
568,30703.703352,1412532472.404176,11.809835,12.379549,2
569,37544.910990,1923852833.496181,12.476999,11.185989,2
570,31956.209347,1319822217.681419,12.008942,11.510007,1
571,33817.564470,1604143740.737664,12.057636,12.024057,1
572,35443.825327,1706929458.220075,12.273943,11.636929,1
573,30930.415873,1567461903.489646,13.067756,10.786723,2
574,26288.664433,1172271938.217864,13.295071,10.902706,1
575,29971.136725,1521390498.910526,12.575480,11.813892,1
576,34211.780061,1640295423.525224,12.068776,12.366314,1
577,31876.111150,1618022244.662698,12.646044,11.308926,2
578,36036.510990,2005520299.622753,12.194924,11.667852,2
579,33396.366669,1377067512.399261,12.155641,11.663733,1
580,34160.792810,1784713856.435290,12.389314,12.019614,2
581,29686.481731,1574427460.960148,12.434485,12.051132,1
582,39893.023161,1994387917.253080,11.651030,13.195802,2
583,35827.752624,1746000510.721934,11.930076,12.132232,1
584,35248.669312,1610635154.463146,11.723992,12.923640,1
585,34789.743426,1654576158.869874,11.901429,12.927366,1
586,34175.792890,1698303318.466051,11.885886,13.786769,1
587,32718.128101,1775531520.222965,12.734102,10.651927,1
588,35123.531535,1606234402.660863,11.718319,13.024942,2
589,35065.686525,1863581949.149447,12.341908,11.989387,1
590,31143.743022,1125075063.792907,11.764892,12.653461,1
591,35255.329261,1773253202.560959,11.922733,13.429423,1
592,35222.777950,1602711240.789780,11.828878,13.186198,1
593,28341.504202,1581277845.029452,12.196291,13.277352,1
594,37065.196214,1869518305.957016,11.769393,12.486307,1
595,34304.159757,1610393913.445072,11.675295,13.450296,1
596,33738.477106,1720673853.883985,11.554148,13.456437,1
597,38639.071106,2064128907.951512,11.416418,13.689963,1
598,36826.487538,1788152829.255168,12.143691,11.887474,1
599,36193.540372,1722512301.091324,11.499746,13.566414,1
600,32661.646162,1590910226.919242,11.995576,12.950980,1
601,36700.900098,1711771567.107174,12.145069,11.908007,1
602,35006.616205,1757833370.151280,11.817674,12.491267,1
603,30963.790067,1494391795.541529,11.633737,13.225519,1
604,35915.240404,1928897069.761052,11.383059,14.407444,1
605,36658.387607,1601860534.598696,11.986740,12.064318,1
606,32620.960977,1315837352.910238,12.022487,12.936630,1
607,36124.435286,2125823213.325340,11.460427,14.431284,1
608,36727.913235,1842531369.699169,11.996926,12.386018,1
609,37961.372285,1767146020.249519,11.821291,12.082663,1
610,35105.058462,1491398523.904709,11.488839,13.147378,1
611,30902.116576,1332961617.773851,12.021020,12.635229,3
612,30612.645575,1575752074.713861,12.223595,12.913958,1
613,31527.252517,1338636263.055779,11.738866,13.767192,1
614,34625.342374,1935318049.296571,12.030663,13.056111,1
615,34070.903061,1648722104.277508,12.084712,12.513681,1
616,34286.122796,1859293658.714057,12.084712,13.039815,1
617,34205.495891,1660754753.372469,12.198781,11.783032,1
618,36028.556390,1889708659.741169,12.154268,11.778324,1
619,31718.789889,1596692717.192677,12.338378,11.737949,1
620,39051.885065,1955720811.616229,12.453039,10.870130,2
621,32332.523777,1975856394.421837,12.424211,12.909401,2
622,33316.188237,1661605382.137910,11.647242,13.474247,1
623,29234.285736,1530437225.797742,11.983501,12.732986,1
624,37126.291248,1838727673.439187,11.945856,12.566969,1
625,35092.539754,1854434667.668276,11.752944,13.227836,1
626,34658.790330,1885925905.678952,11.645310,13.200173,1
627,32929.814427,1842506947.238158,11.667611,13.442364,2
628,30945.018458,1420936990.922305,11.892879,12.335295,1
629,33307.936876,1430326038.579935,12.155226,11.563068,1
630,32489.755307,1634013543.026507,11.972315,12.404892,1
631,36216.377474,1797083186.554902,12.421548,12.427871,1
632,33805.162986,1777579513.755074,12.239725,12.279899,1
633,34543.718273,1901031193.444723,11.978049,12.673927,1
634,36073.079627,1564373573.475619,12.139596,12.452376,1
635,28422.550856,1252210177.336077,11.852196,13.409112,1
636,30687.769148,1412673114.360086,12.143751,12.570162,1
637,33756.287858,1805114754.779483,12.031156,13.183980,2
638,37471.865349,1811999746.496961,11.590340,14.292479,1
639,37587.572645,1768350253.545411,11.037064,14.775868,1
640,35950.890000,1727017744.459827,11.975922,12.828105,1
641,36723.639550,1797273618.663287,11.066666,14.869587,2
642,30008.801308,1575087302.492328,11.883205,13.101093,1
643,35092.023098,1691653793.517207,11.597192,13.339528,0
644,37937.283057,1997105602.299551,11.371768,14.006318,1
645,33037.180643,1629949431.129983,10.856450,16.030355,1
646,28450.742879,1370580020.760176,11.410802,14.773249,1
647,29604.565020,1517271479.955319,11.551633,13.757601,2
648,36792.288614,1719744978.423620,11.404413,13.771597,1
649,35920.891702,1904959914.021940,11.412197,14.790809,2
650,39405.032592,2038673959.988979,11.325841,14.657445,1
651,30948.992435,1396021335.717775,12.044288,13.758442,2
652,35778.993290,1702932127.083038,11.891330,12.774318,1
653,33328.712708,1655882180.347391,11.593609,13.849071,1
654,34278.651766,1710985123.866842,11.841931,13.246814,1
655,36708.215441,2032540537.347744,11.997124,12.924412,1
656,33519.932788,1767596412.410513,11.679686,13.839960,1
657,33079.052623,1370042409.119312,11.186147,14.812015,1
658,37551.634611,2000963079.729182,11.175312,15.485525,1
659,33216.626770,1560721423.096227,11.514356,14.324743,1
660,37323.678210,1839905398.063673,12.038843,12.381016,1
661,32822.462424,1810744468.079639,11.783212,13.797614,2
662,35599.402073,1699928321.080051,11.321928,14.400390,1
663,35844.293178,1697328029.154189,11.864909,13.823521,1
664,33927.591017,1603571282.340519,11.245339,16.267072,1
665,40177.961486,1915615964.745574,11.091320,14.675614,1
666,35918.025686,1932308759.251786,11.279087,14.075180,1
667,35219.740552,1960668634.779716,11.211699,15.250265,1
668,34576.445319,1564527557.521000,11.368216,14.791117,1
669,30636.332106,1581183641.057382,11.839207,12.818835,2
670,33093.405772,1727860039.983129,11.254588,14.666806,1
671,34335.095656,1711536369.445790,11.515041,14.896062,1
672,26563.435165,1463382912.055951,12.018727,12.952300,2
673,32954.710693,1789065949.141848,12.219514,12.860034,1
674,32201.186418,1605410623.300408,11.738007,13.843685,1
675,31780.653154,1675727954.462631,11.612589,13.800713,3
676,35533.818773,1775400451.593262,11.178470,15.265394,1
677,27235.024771,1546717717.784126,12.128057,12.500026,1
678,30573.846286,1557384891.615013,12.208238,13.717733,1
679,38328.267035,1853951340.700360,11.284730,13.928730,1
680,25450.690568,1071300919.094453,11.963822,12.899497,1
681,27661.094503,1346952320.549011,11.612092,13.989986,2
682,37325.529592,1939878401.729966,11.722791,13.932138,1
683,31921.296528,1627291942.543139,12.630463,12.158809,1
684,31011.024186,1713195727.793766,12.192333,12.615930,1
685,30315.504450,1413511546.717183,11.829769,14.093124,1
686,34805.447089,1937669151.601290,11.432229,14.627387,3
687,32538.302230,1373301046.891296,11.728190,14.135092,3
688,34994.887905,1760098627.303802,11.842243,13.636330,1
689,32809.414396,1720404555.900007,11.418409,15.037280,7
690,35282.038302,1655674401.454100,11.714762,13.866769,1
691,34539.931808,1788615496.134538,11.740359,14.340241,1
692,35839.804657,1727143946.392136,11.210835,14.293749,1
693,35060.839920,1895484014.170858,11.868767,13.504326,1
694,30311.919593,1644342320.733215,11.971160,13.709119,7
695,30364.620055,1348285033.271795,12.061763,13.486124,3
696,28708.455825,1515709576.773795,12.025414,13.423782,6
697,26799.026556,1033436245.095191,11.738984,13.679352,1
698,33387.646929,1822985108.409553,11.515616,15.742790,1
699,31002.297481,1458999551.813573,11.538785,14.649623,1
700,37685.278204,1547599454.176669,10.990295,15.384728,3
701,32143.361865,1668599051.551969,11.595516,14.718028,1
702,36970.403368,2015457227.362234,11.670840,13.348147,0
703,37562.859388,1879465752.331180,11.211671,14.961852,1
704,36526.884440,1809115119.440877,11.384640,14.379505,1
705,36822.588872,1890426366.629992,11.493889,14.547325,2
706,26569.486037,977637620.795667,11.555716,14.505435,1
707,33397.227903,1792901226.457876,11.725489,14.660079,3
708,35540.149978,1825791440.804811,10.837969,15.924344,3
709,32855.233833,1560261029.642646,11.443680,14.069439,7
710,37867.582873,1830223287.447959,11.070930,14.738189,7
711,38249.502057,1869711651.528758,11.160222,14.678809,1
712,36032.608962,1761736163.065603,11.676340,14.275840,7
713,34470.417975,1736126330.646704,10.800089,15.726288,1
714,33333.106055,1663569639.501833,11.259185,15.120525,1
715,36484.903065,2008970740.916056,11.578196,14.676479,2
716,31778.401073,1712599173.289836,12.149701,12.800654,2
717,33748.538799,1711156118.826468,10.935197,15.338545,3
718,36547.471214,1658979946.505430,11.181950,14.851323,5
719,33497.597900,1769361670.593223,11.690562,13.644327,5
720,39737.160736,2012396214.265409,10.955599,14.629140,2
721,35740.402811,1755343502.029913,11.333639,14.267057,2
722,37573.065519,1673278370.740111,11.748342,12.556183,2
723,31841.646473,1574574549.898068,11.707086,13.896056,3
724,29087.205170,1146484907.085006,11.976061,13.279309,0
725,28428.016546,1380616313.403416,12.469317,12.562812,3
726,34389.460168,1732298968.820306,11.475224,13.933670,3
727,27816.727379,1109882151.938012,12.007635,13.541323,1
728,30963.495272,1724101173.246607,11.801141,13.613287,2
729,28962.859547,1627120955.270270,11.997910,12.436051,3
730,35184.959900,1625032138.475202,11.730789,13.313235,3
731,30972.111130,1479378992.770091,11.983970,13.015275,1
732,34537.648078,1735198656.579764,11.242395,14.438457,2
733,41744.897406,2114549672.810212,11.286619,13.630059,1
734,38807.241511,2033365585.139012,11.560364,13.058814,1
735,34680.359030,1737391919.458509,11.271382,14.010706,2
736,37876.881194,1974470330.390188,11.928035,12.670909,1
737,33472.867916,1793445402.811242,12.149812,11.823302,2
738,34773.501530,1769767439.839442,12.572122,10.807429,2
739,32383.245886,1473448421.043615,12.772485,10.985805,2
740,33444.774604,1514018241.946800,11.764915,12.587568,2
741,36292.812387,1467126278.688359,11.982951,11.804602,2
742,35431.227577,1922856977.408919,12.151523,12.770951,2
743,34490.849512,1860150100.671962,11.720020,13.686741,2
744,35210.840611,1972236591.958225,12.070358,13.445603,2
745,36374.806020,1756995521.359929,12.687366,11.765477,2
746,33175.933786,1805031936.022734,11.895892,12.430300,2
747,33357.794211,1537786950.484303,11.794439,13.197799,3
748,34000.507797,1692993998.202603,11.736409,13.790377,2
749,33374.870178,1573771841.180689,12.195987,12.172396,2
750,31086.232494,1526629518.684283,11.933452,13.355554,3
751,33970.045756,1787642297.932654,11.957639,13.593433,2
752,30956.635850,1639154667.597475,12.305275,12.394447,2
753,26803.350113,1699957665.108216,12.593384,12.650619,2
754,30591.395027,1734640518.050033,12.537340,12.034869,2
755,28795.539387,1390714254.659782,12.357821,12.738244,1
756,23624.059884,998105004.409397,12.387442,12.504294,1
757,27283.270407,1269590407.341717,12.293138,13.136712,3
758,32212.141604,1791644751.290579,12.144286,12.964074,1
759,26538.693549,1457530098.639366,11.818048,14.065431,3
760,29967.159917,1339392239.287690,11.383285,15.242755,2
761,28935.047122,1652419284.581908,12.291608,13.238152,2
762,35275.274959,1912870568.358248,12.714575,10.827311,2
763,31552.589826,1737495862.538540,11.857857,14.215303,2
764,22279.701900,953932598.967870,12.033240,13.596441,2
765,35092.713104,1730915623.441650,12.349576,12.462842,1
766,24252.559448,899133596.934459,12.005835,13.246814,2
767,32463.229609,1534608895.415456,11.729724,14.216164,2
768,29473.405668,1594375795.311102,11.716811,14.447958,3
769,33157.752081,1812064909.262372,11.961390,13.833665,2
770,31197.754467,1453181501.347019,11.418730,15.105964,2
771,33791.601340,1851703953.903174,11.684660,14.550030,2
772,31606.857249,1380080110.316238,11.819719,13.762908,2
773,35705.072649,1856123080.408297,11.484763,14.244925,2
774,25355.664599,1365035165.736828,11.836426,15.129786,2
775,27441.545908,1379191304.214286,11.785471,13.756367,2
776,27997.129517,1459242010.857427,11.895886,14.600737,2
777,35275.728193,1912640045.337644,10.802778,15.360019,2
778,25918.696272,1278458590.375551,11.761509,14.621138,0
779,25179.433407,1242835295.304113,11.242977,15.807948,2
780,35265.343294,1884245226.848106,11.174417,16.388152,2
781,35840.014574,1861015377.959015,11.564549,15.689480,2
782,34524.445488,1805765521.122233,11.831656,13.903264,2
783,28457.450177,1384193607.510407,11.369143,15.866845,2
784,29795.759657,1582227713.961493,11.555868,14.727200,2
785,33531.576499,1668163942.154898,10.500134,17.846757,2
786,30470.454977,1466285421.521709,10.985742,15.871877,2
787,34725.440156,1789905617.389754,11.244272,15.199192,2
788,25700.033190,1271242532.639512,12.036156,13.878613,2
789,30569.369146,1820350635.330050,11.422820,14.840573,2
790,35771.873074,1852435461.455013,11.115872,15.567304,2
791,27669.519910,1430433586.292937,11.350802,15.150993,2
792,33861.685822,1688898090.466208,11.396598,14.751100,2
793,32462.309876,1587693861.347791,11.638066,14.224478,2
794,31673.268410,1880761699.487231,11.734931,14.256179,2
795,31118.990053,1660880786.934119,12.308480,13.710318,2
796,34068.852997,1895745714.362311,11.843246,13.497404,2
797,30840.350088,1522355226.780532,11.412921,15.104635,2
798,27113.714330,1579148474.967976,12.239540,13.388188,2
799,29740.757698,1493848612.396032,12.114103,13.141294,2
800,34511.375387,1798628721.901683,11.531217,14.662472,2
801,35447.241463,1999843332.913896,11.499168,15.853770,2
802,30545.729474,1545336350.908061,11.244602,16.120910,2
803,34136.720681,1799600487.225500,11.156610,15.227589,2
804,33481.489186,1526675633.861070,11.360800,15.925850,2
805,33906.041798,1651082386.030071,10.643133,17.333795,2
806,32907.810168,1768463520.163979,11.537682,14.790353,2
807,32904.401105,1736076722.497816,11.263751,15.554624,2
808,31243.123362,1575074250.313170,11.288284,15.362733,2
809,29510.252067,1580916176.447264,11.646924,14.568525,0
810,31573.964214,1762567482.213054,11.602203,14.679056,2
811,23265.206825,1221709620.287072,11.214651,16.699334,2
812,22427.362753,1041444344.107562,12.092259,13.832103,3
813,29132.161332,1581790194.769136,11.450745,15.721975,2
814,33913.437550,1571505846.683212,11.296056,14.823349,2
815,27764.341272,1323798333.231269,11.325099,16.130853,1
816,26756.979659,1404854338.352567,11.784242,15.177743,2
817,18711.138440,677505517.329806,11.516410,14.670748,2
818,30172.285296,1669991587.359394,11.579682,14.664569,2
819,28981.507907,1597876539.078484,12.357387,12.896134,2
820,33349.340151,1714071600.384524,12.024860,14.580433,2
821,24982.972853,904143546.809378,12.066725,14.441048,2
822,27024.649754,1474479331.578827,12.173198,13.655015,2
823,30902.823362,1690551430.704584,11.316290,15.130480,2
824,32055.218140,1833211882.198330,11.507609,15.527612,2
825,24380.251601,954535781.566609,11.550951,15.302293,2
826,34268.550208,1795584322.166669,12.292501,12.160238,2
827,33595.194542,1945836008.621688,11.854365,14.315835,2
828,35877.874727,2051845017.312660,11.491751,13.586005,2
829,34021.723325,1663636937.137507,11.730724,14.103264,2
830,34702.582158,1797967717.468720,11.992406,13.659745,1
831,30489.942221,1597268727.314120,11.250039,15.753012,2
832,28660.539279,1420979584.866920,12.067622,12.788938,1
833,35711.822092,1895131891.108050,11.527133,14.280897,2
834,32054.922542,1703904685.307976,12.216148,13.857378,2
835,33938.481476,1768681074.901644,11.745696,14.585462,2
836,30997.388686,1490265441.045389,12.109111,13.148893,4
837,31320.260401,1522056450.004924,11.675323,13.932884,2
838,29506.968434,1555008931.848273,12.202655,13.793668,2
839,34223.078362,1895791362.292063,12.635868,13.130428,2
840,30301.072487,1156848822.793644,11.788855,15.034263,2
841,31118.562697,1471635005.711011,11.515125,14.950708,4
842,26463.689041,1454350877.297013,12.056525,13.835989,2
843,33050.413400,1799428681.198354,12.215717,13.558784,2
844,36846.165579,1843527586.889181,12.212554,12.509669,2
845,34174.245685,1969165447.020926,12.733115,12.141519,2
846,34791.974677,1660476226.474023,12.171119,13.031008,0
847,33537.245118,1604833831.844917,11.783856,13.605284,2
848,26953.432394,908970094.111342,12.078744,12.933360,2
849,34313.871559,1656578014.330794,11.981884,13.099831,2
850,32898.492366,1543720104.047312,11.412741,14.026109,2
851,35109.320536,1891365310.607781,12.413836,11.839438,2
852,27804.579673,1384501341.697010,12.520900,12.560622,2
853,24446.814248,922344051.616143,12.179402,13.130238,2
854,23776.417678,1474495571.924678,12.380258,13.667145,2
855,23265.170886,818503190.809032,12.217610,13.364011,2
856,30294.175673,1468670161.723180,11.969074,13.829020,2
857,26276.532344,1389117652.637779,12.624180,12.601159,2
858,23322.706684,1371775700.659863,12.213296,13.714739,2
859,22335.033386,1047389983.634874,12.378915,13.566694,2
860,34489.883841,1766113376.687710,11.046004,15.328316,2
861,33866.958619,1800714223.477091,12.007118,13.519344,2
862,29023.673880,1244955320.494201,12.631728,12.197908,2
863,32824.044029,1720987461.397866,11.927776,13.228629,2
864,29296.031289,1601390064.021724,12.750580,12.868064,2
865,37147.215070,2079667393.375703,11.575247,14.579251,2
866,27392.583145,1142852322.231759,12.505019,13.209070,2
867,26026.132263,1191289039.266743,13.165201,11.596673,2
868,30352.898524,1859622303.730581,12.033443,14.249107,2
869,32197.104399,1762851552.311407,12.082563,13.317708,2
870,37422.377025,1833957494.468968,12.049801,13.280492,2
871,23176.418164,1079849432.210928,12.272604,12.476391,2
872,33639.250996,1685977268.283874,12.410045,12.272055,2
873,30998.065981,1691642440.815029,11.853582,13.419187,2
874,27607.846250,1471199376.373529,12.039843,13.537259,2
875,26464.059592,1392652615.482916,12.558031,12.152455,2
876,31660.694277,1724613475.740620,11.689773,13.527859,4
877,33775.538559,1638859094.091467,12.546095,12.349737,2
878,35479.101496,1616824297.606658,12.505892,11.469512,2
879,37492.112969,1726556238.451326,11.580398,13.274065,2
880,32783.613957,1573583461.177473,12.215668,13.449852,2
881,37207.976493,1778711804.228002,11.757763,13.332865,2
882,36593.225782,1826087719.664935,11.858710,11.926465,2
883,25493.369175,1121029991.897261,12.718365,11.958355,2
884,31286.747535,1781470317.918039,12.671207,12.194904,6
885,29220.885145,1703772022.589601,12.418056,12.195986,2
886,30477.691777,1250137504.385180,11.784372,13.721909,6
887,38202.594993,1899996569.053144,12.302983,12.043933,1
888,36460.302082,1827956086.773649,12.131556,12.782549,2
889,33569.025559,1764332386.117664,12.175839,12.543457,2
890,29034.423701,1377481604.240685,11.589809,13.991153,2
891,31072.993436,1656964500.565328,11.308474,16.126815,0
892,33996.638596,1913906255.520680,11.825003,14.092284,1
893,24268.572567,940480574.822360,11.791416,13.463247,2
894,31010.882123,1552936272.124275,11.838743,13.691842,2
895,33157.825808,1709230843.958767,11.881542,12.951316,2
896,31412.410302,1818218219.920447,11.641259,15.303154,2
897,32103.131761,1733868878.547830,11.448800,15.122270,2
898,34286.515463,1796089438.279174,11.306736,14.715882,2
899,25782.212411,1188998211.888079,12.081651,14.172171,2
900,32641.133909,1934703165.874859,11.739542,14.685103,2
901,32688.616758,1588143233.138848,12.364997,12.706394,6
902,29898.550632,1359346251.886070,11.127894,15.139942,2
903,34021.910958,1624867535.834625,11.195713,16.127922,2
904,35822.420050,1866047010.285975,11.431563,14.621964,2
905,31667.598428,1768821551.987018,11.764897,14.247492,2
906,34206.900079,1777624114.556131,11.338694,15.505266,2
907,31110.069141,1503516382.623597,11.083076,15.446082,2
908,28787.144304,1099072513.973538,11.731768,13.225978,2
909,32198.888010,1626506966.034821,11.929901,13.498312,2
910,30785.985236,1687789315.301353,11.922949,14.579071,4
911,33113.363381,1862662031.503947,11.838149,13.676070,6
912,33302.756613,1780690056.443774,11.928016,13.834340,6
913,36941.645807,1896740235.538092,10.625567,16.253272,6
914,30370.586766,1730531057.860042,11.425472,15.503964,2
915,34161.832516,1644718253.599649,11.193927,15.096896,6
916,27018.215223,1397535479.272570,11.953902,13.306515,2
917,26406.573255,1195479453.929671,11.723055,15.098184,2
918,26059.939720,1058680146.044726,11.644514,14.271695,2
919,28314.983412,1526266295.857016,11.874765,14.048658,2
920,30268.398416,1800927544.815864,11.747757,14.156140,2
921,31950.448191,1689976520.438715,11.409334,13.832477,2
922,29183.060403,1360740162.877070,11.452083,14.626915,2
923,28524.969362,1482232696.351942,11.676502,13.739735,1
924,25331.578153,1242914601.292774,12.490077,12.165953,2
925,28518.481414,1796785012.950480,12.245108,12.853817,1
926,28497.498394,1532883479.980491,12.351048,13.195026,1
927,21247.344230,944489766.688606,11.394403,14.515793,2
928,34811.229062,1667582530.408159,11.090867,15.511700,2
929,31624.233490,1607711413.099031,11.983617,13.838316,2
930,31664.763464,1663680240.751142,11.397459,14.067107,4
931,23213.520881,1145082903.216060,12.359007,12.800457,2
932,37806.848042,1863549974.340552,11.623510,13.029702,2
933,31657.489482,1577455867.348076,12.111421,12.592185,9
934,36054.538808,1860663854.386981,11.754162,13.511046,2
935,32935.286891,1453610100.917992,11.057096,14.904691,2
936,32022.181759,1713924170.058762,11.800999,14.039901,9
937,24744.192705,984660959.601393,11.516817,14.886144,2
938,37298.721883,1961128089.646861,11.103677,15.133195,2
939,31373.196600,1747331382.541537,11.822061,13.818986,2
940,31669.895713,1829291151.312217,11.561171,13.957587,2
941,32929.862208,1567957033.538745,11.770559,13.847220,2
942,34879.038251,1830312891.844981,11.345006,14.646701,2
943,33508.366337,1923725040.314862,11.156874,15.301207,9
944,31233.508149,1409059706.473239,11.366829,13.931986,2
945,33047.769464,1589653319.307690,11.535394,14.486898,4
946,34498.458266,1752960367.813318,11.151854,14.760587,2
947,27421.762750,1358361570.144048,11.151694,16.009579,2
948,32930.495982,1792901573.974547,10.965776,15.893159,2
949,37812.124557,1950971010.815097,10.679508,15.995635,6
950,36872.712708,1744880836.535890,11.390971,14.123156,5
951,22504.543517,789179280.647303,11.602762,15.313222,2
952,30782.189012,1713193066.751537,11.224199,16.035089,2
953,34222.594921,1755248724.320779,10.594744,17.020259,2
954,31715.553002,1650060970.150615,10.819781,16.640336,9
955,31371.512400,1447277665.109366,11.139028,16.305896,2
956,33914.139756,1815473017.668467,10.954737,16.064816,2
957,33984.649676,1588720704.802429,11.320596,15.099166,8
958,35660.363092,1823217937.341341,11.021212,15.469469,2
959,36658.979964,2008374421.843403,11.600321,14.116701,2
960,33006.467842,1779729486.778877,11.214047,15.025516,2
961,33366.779518,1822410166.522809,11.107382,15.389278,2
962,36483.359856,1659525072.107787,10.797975,16.423510,2
963,37282.309566,1983686210.081925,10.542122,17.125055,2
964,32178.993048,1673352685.840198,11.404857,15.350284,2
965,35637.919200,1864802028.209455,11.836051,13.281789,2
966,31549.956152,1761249536.747933,11.675553,14.931416,2
967,35712.553495,1764624846.007730,10.557736,17.025405,2
968,33541.809654,1832230510.533867,10.705715,16.357590,2
969,34052.835726,1708418418.328228,10.947295,15.438172,2
970,29512.119309,1581431801.741276,11.176578,15.030005,2
971,32551.193528,1683300655.620908,11.503835,14.064663,6
972,29089.177177,1435640840.450155,11.985561,13.866278,2
973,28022.106182,1555310039.073150,11.902209,13.920316,2
974,35269.645038,1847593522.218173,11.131928,14.959769,2
975,32689.716665,1699843623.550362,10.965436,15.592733,2
976,38154.125309,1834881551.243661,10.930951,14.350290,2
977,30162.816244,1582119637.178250,10.941354,16.566183,2
978,32732.704578,1678053696.796907,11.362102,13.828802,2
979,36318.658284,1953236490.269246,10.839759,16.333814,2
980,37393.304705,1865851674.120862,11.003782,15.140466,2
981,32519.303067,1818359133.578990,11.421371,14.347147,6
982,33680.093833,1676989253.674864,11.391687,14.081318,2
983,36822.347982,1966852003.472462,11.513838,13.573682,2
984,36910.668576,1852597372.616323,11.631646,13.194048,2
985,30855.728276,1571793490.730467,11.520785,13.978132,2
986,24025.171700,998821922.453635,11.594920,14.387444,3
987,27757.137113,1545138934.508252,11.525821,14.784968,2
988,34968.301425,1865272605.851145,11.000154,14.870843,2
989,32936.068784,1893568329.059158,11.505000,13.701190,2
990,31005.231535,1408718691.910529,11.138483,14.333910,2
991,34585.636476,1797847172.179640,11.298477,13.968831,2
992,33510.481970,1727752851.807880,11.090657,14.856292,2
993,32509.764321,1729807620.350456,11.590240,14.885606,2
994,30787.188804,1700625634.778510,11.315936,14.674109,2
995,31488.949765,1688163923.581978,11.323141,15.068958,2
996,32777.098206,1842514256.850235,11.369105,14.758829,2
997,31370.443845,1696226550.881012,10.832911,15.441005,2
998,34293.783571,1690046253.681060,10.826095,16.739747,2
999,32644.913895,1760718261.157414,10.867888,16.234091,2
1000,33440.130902,1724224716.301792,10.939479,15.776517,2
1001,24645.838198,1172674826.735202,11.840112,15.092955,2
1002,30579.524869,1724314552.266934,11.854967,14.215797,2
1003,29648.253954,1621283068.444866,12.198097,13.974329,2
1004,29919.280943,1647572847.541339,11.356042,14.561316,2
1005,27781.926061,1257206764.892644,11.457053,14.346990,2
1006,30821.906481,1575490075.803102,11.537231,13.877969,2
1007,29145.111030,1511428984.960582,12.606775,12.176597,0
1008,33884.885698,1718666403.274140,11.288463,15.236858,2
1009,36761.284144,1745263983.385466,11.178705,14.616433,2
1010,37208.349549,2041900094.828168,11.429794,14.125943,2
1011,32817.757623,1815430347.206971,11.286393,14.826030,2
1012,27206.145472,1547409052.603514,11.037742,15.766558,2
1013,33845.504861,1609902018.578322,11.228490,15.020623,2
1014,33367.483269,1729981015.788060,11.344042,14.492324,2
1015,34509.053553,1721954188.768620,11.396835,13.677609,2
1016,31830.534468,1793909913.895242,11.531982,15.272168,2
1017,23142.499616,1150501437.467953,12.071500,14.617655,2
1018,31015.992558,1667684327.111081,11.875358,13.832735,2
1019,32942.075005,1685090010.762190,11.054301,15.753538,5
1020,39298.909415,1811987805.301585,10.628798,15.463898,2
1021,34973.855113,1880556227.557759,10.614379,16.435250,6
1022,29979.978625,1542720773.592042,11.222023,15.175676,2
1023,26113.172204,1070983658.406069,11.693945,14.101933,2
1024,33083.696222,1691309747.547684,11.176000,14.547581,2
1025,33521.797377,1846184835.020577,11.110795,14.835051,2
1026,33071.026852,1804207375.680572,12.058967,14.111464,2
1027,25917.569412,1391167538.223559,12.040636,13.370615,2
1028,32943.106420,1697487949.589051,11.628594,14.024435,2
1029,34467.973059,2015995919.380468,11.579469,14.204160,2
1030,25870.713503,1291551186.679838,12.244061,13.903514,2
1031,18753.962475,658595076.030148,11.690814,15.169145,2
1032,28838.435343,1498715251.240345,11.579071,14.274532,2
1033,25086.199033,1261080364.482649,12.244572,13.356446,2
1034,29031.423603,1523174187.936963,11.887027,14.282265,2
1035,32775.191351,1690701582.175615,11.334744,14.693908,2
1036,33365.615314,1512987490.413040,11.419121,14.295792,2
1037,32043.132416,1692100592.452622,11.509700,13.779539,2
1038,35314.802531,1519511892.589035,10.981727,15.509444,2
1039,33553.882768,1936891757.483441,10.639386,15.829786,0
1040,18910.932837,864026866.470727,12.169148,13.354568,2
1041,34431.152166,1775101780.869696,11.581242,13.397637,2
1042,33012.849043,1545844163.943932,11.496566,15.093010,2
1043,30797.529165,1643627735.214030,11.331003,14.337570,2
1044,32676.714163,1802498950.503739,11.402821,15.179938,2
1045,32751.749314,1874308535.252311,11.801270,13.182896,0
1046,35742.637503,1935074013.310385,11.775796,13.411141,2
1047,32911.924993,1836764129.412623,12.001326,12.895768,2
1048,29690.415132,1537579183.190462,11.525143,14.402426,2
1049,22540.854678,1154264545.005751,12.331731,12.832193,2
1050,31995.887910,1509301343.095667,11.427969,13.555175,4
1051,29465.403917,1356311111.811186,11.361148,14.384518,2
1052,24773.581485,878777442.386290,11.368640,13.890927,2
1053,33371.309499,1542099584.901604,11.410101,13.684289,2
1054,31000.539718,1633130021.353902,11.484922,13.682217,2
1055,36605.245045,1883847778.208598,11.191413,14.513554,2
1056,33786.201035,1785252942.408452,11.271127,13.951179,2
1057,32502.230115,1730215445.501253,11.350271,14.451560,2
1058,33352.173404,1724340149.915900,11.220929,13.911173,2
1059,34349.091832,1894227599.244243,11.439656,14.203245,2
1060,34253.383725,1760566162.527311,11.294296,14.486835,2
1061,31398.705003,1759329130.128100,11.269579,13.776923,2
1062,34863.026506,1748133347.221512,11.151231,14.201516,2
1063,24653.969497,1078876908.466542,11.495801,14.411438,2
1064,34409.860948,1860571957.457686,11.560803,13.928210,2
1065,33661.119728,1611531889.000825,11.068518,15.555322,2
1066,23273.892150,1086039040.492233,11.467554,13.750032,2
1067,34722.010444,1922381749.066809,10.912269,14.893162,4
1068,37309.244563,1932057966.104217,11.445403,13.914341,2
1069,30132.113996,1603515287.508663,11.600625,14.482344,2
1070,34915.608174,1687791389.258556,11.571866,13.291658,2
1071,30917.125345,1388125540.808318,11.747345,12.579157,2
1072,29809.625957,1419046017.226254,11.470396,13.857384,2
1073,29520.857992,1730038598.662560,11.804438,13.132296,0
1074,26408.129345,1201892861.287873,11.197811,14.558748,2
1075,30118.108710,1643845101.485400,11.120415,15.660693,2
1076,35601.286396,1947061421.958062,11.363906,14.578304,3
1077,29425.233002,1620523284.054905,11.988594,13.411133,2
1078,31993.653831,1567919141.232661,11.391344,14.161328,2
1079,31027.166941,1697621423.680943,12.062222,13.964767,2
1080,34347.939515,1790327669.361623,11.186325,15.485477,2
1081,36293.344352,1695158162.857965,10.704126,15.354076,2
1082,34399.786502,1658957734.263625,11.054909,14.406194,2
1083,36579.262132,1881444437.892730,11.178318,14.457721,2
1084,32031.977528,1645236320.679341,12.057136,12.818691,5
1085,36378.202754,1754041411.040429,11.801396,13.291726,2
1086,26985.630656,1398195481.802441,11.839476,13.495810,2
1087,31184.045120,1739546350.167095,12.037951,13.303932,2
1088,32778.458318,1472356654.874834,11.852781,12.355639,2
1089,34946.668102,1994028526.388050,12.211666,13.064026,2
1090,38332.212207,1947204024.410157,10.824191,15.192580,2
1091,28892.083541,1378296470.742524,11.341507,14.178426,2
1092,36766.962742,1995658272.969444,11.665269,13.170908,2
1093,30495.961432,1380491931.553269,11.111042,14.671663,2
1094,31553.801931,1733213570.360674,11.407560,14.021345,2
1095,35291.507860,1790337353.803269,11.152262,14.773085,2
1096,36096.846241,2071348994.587401,11.357812,14.014084,2
1097,34676.805400,1963353246.461549,11.723231,14.395035,2
1098,30986.178841,1271902325.744637,11.126514,14.343559,2
1099,31623.062585,1834995091.081039,11.755165,13.230385,2
1100,36232.960182,1975898187.947649,10.826797,15.872713,2
1101,26437.669828,1106770997.655140,11.404852,14.436066,2
1102,31485.038977,1499935819.868005,10.874225,14.603209,2
1103,33971.155875,1766557341.193571,11.434681,14.174452,3
1104,31869.724569,1586051063.547154,11.267249,14.655182,2
1105,27254.437130,1344209199.563762,11.467848,13.842960,2
1106,26580.165276,1427221896.977967,11.636655,13.885445,2
1107,33286.478701,1583845219.363855,11.649344,13.127815,2
1108,31589.028494,1643649233.602341,11.473223,14.071971,2
1109,33303.945912,1919468544.686203,11.459543,13.962345,2
1110,33180.603341,1614956416.507424,11.295230,13.726110,2
1111,33942.018389,1479219670.766917,10.983224,14.787571,0
1112,33110.628205,1817264439.223269,12.035446,12.843759,2
1113,33364.857046,1648961335.331454,11.045520,15.186142,2
1114,36932.008285,1988765388.395365,11.401934,14.350723,2
1115,35722.701029,2041435583.412560,11.279654,14.499368,3
1116,30907.008576,1606574327.845279,11.555128,14.132338,2
1117,33980.025049,1844325459.668011,11.695140,13.243365,2
1118,33883.981363,1896489869.257994,11.241686,14.656907,2
1119,28310.983242,1487796840.424250,11.760218,12.795976,2
1120,30699.575071,1729085198.472560,11.422412,13.629120,2
1121,21553.345914,846227178.730471,12.154148,12.598064,2
1122,30508.077279,1784671018.503180,12.403871,11.897008,2
1123,30312.578568,1480470995.484979,11.715137,13.478989,2
1124,30982.962721,1725904631.786487,11.817557,13.629780,3
1125,28592.416775,1320140140.729131,11.571705,13.235538,2
1126,26797.979040,1122896714.529898,11.762026,12.966360,2
1127,32406.253692,1626009363.548342,11.115215,15.413676,2
1128,33592.152447,1926257281.778921,11.820238,13.649613,2
1129,36560.007192,1717220765.998006,11.012478,14.264843,2
1130,32599.376160,1537248006.806097,11.449462,13.650043,2
1131,37834.147200,1738674773.649449,11.209773,13.483950,2
1132,34003.724235,1818021131.950785,11.928724,14.009737,2
1133,36502.641023,1955133122.972880,11.584454,13.025148,2
1134,32644.900766,1762662831.661478,11.574737,14.438969,2
1135,33116.123559,1818135433.011935,11.243394,15.468236,2
1136,35579.264496,1877127484.826841,11.693108,13.982163,4
1137,33018.498625,1627544400.411695,12.075703,13.014788,2
1138,30962.314626,1792972666.076759,11.810451,13.682064,3
1139,33936.398706,1952275891.218436,11.610529,14.485394,2
1140,34856.717299,1617560986.598438,10.728111,15.045638,2
1141,32933.745841,1883884115.190528,11.932076,14.270259,2
1142,35376.989409,1994667708.083304,11.431700,14.012621,2
1143,36966.170971,2047388053.522273,11.395538,14.146463,2
1144,29996.835246,1446560613.856364,11.301712,14.763630,2
1145,29977.473882,1574047409.641962,12.375466,12.968464,0
1146,32652.325463,1677605574.578903,11.941211,13.447767,2
1147,36038.966667,1847976980.588834,10.729653,16.077027,2
1148,31787.793735,1245476801.682608,11.648976,13.137070,2
1149,35457.633644,1645547975.865218,11.563497,13.312748,2
1150,39646.695204,1819026089.499180,10.785751,14.493283,2
1151,33024.246981,1727759808.278261,11.511093,14.649788,2
1152,33646.114289,1643733546.302551,11.317150,14.541013,2
1153,34109.910389,1820954710.151829,10.920909,14.932417,2
1154,33346.547565,1908306237.008818,11.614331,13.845730,2
1155,30059.330745,1572941688.915653,11.765720,13.161548,2
1156,30517.636983,1529141069.543603,11.569588,13.540302,2
1157,36964.312708,1944718992.041810,10.890238,14.870885,2
1158,34361.102861,1632425608.430110,11.390876,14.271645,2
1159,26766.309420,1335675570.164681,11.787622,13.109975,2
1160,33856.710911,1812151291.412188,11.912073,12.709725,2
1161,30783.405714,1435086096.791391,11.534885,13.851334,2
1162,38402.734724,1790490337.187886,11.746621,13.174904,1
1163,37863.912455,1836550383.787036,11.979662,12.365564,4
1164,34657.369631,1317115852.134337,11.177893,13.898895,2
1165,26574.199019,989806593.247159,12.519501,12.440332,2
1166,34876.045793,1786118706.486451,11.616686,13.658144,2
1167,35421.811905,1620973924.409626,11.939388,13.036862,2
1168,34963.741869,1839128043.717331,11.924396,13.021971,2
1169,39607.061613,2013175365.032445,11.732361,13.887038,2
1170,36781.548150,1801942937.803262,11.614306,13.202735,5
1171,37087.867091,1884235351.460292,12.079714,12.950389,2
1172,30506.459870,1621644874.769444,11.577222,13.986043,2
1173,35543.263915,1708760986.983929,11.276726,13.645482,2
1174,33637.277365,1458316409.322377,11.668107,13.725523,2
1175,35619.501364,1847936110.908284,11.897457,13.434806,2
1176,37890.182269,1873028305.000655,11.956408,13.241223,2
1177,34325.308404,1849820392.143700,11.933650,12.453930,2
1178,38270.346215,1832723944.950113,11.076333,14.556294,2
1179,36209.977114,1992170829.078526,11.637525,13.980780,2
1180,33450.112227,1894407714.269876,11.474972,13.758503,2
1181,35772.978576,1786353506.263306,11.170332,14.566117,2
1182,31990.824408,1582133435.571213,11.426456,14.388209,2
1183,34792.056132,1641245714.252363,11.778278,13.087891,2
1184,35208.347214,1881250620.699965,11.194357,14.270109,2
1185,33061.298194,1726908690.447070,11.131692,15.412904,5
1186,35060.838555,1580200078.913336,11.584125,13.991023,2
1187,25127.961188,1118836832.163596,12.142939,13.048185,2
1188,30447.333196,1598629907.881925,12.806053,11.641890,2
1189,29082.546117,1155556812.563368,12.004895,13.054347,2
1190,30819.674486,1309570236.464539,12.049353,12.482561,2
1191,35222.718233,1691184210.021139,12.006431,12.191570,2
1192,32192.468514,1691912803.621727,11.363175,14.189669,2
1193,31574.338713,1644784481.751769,11.795581,14.121488,2
1194,37921.747285,2227809902.947797,11.617842,13.475873,2
1195,37051.011285,1988792783.398922,11.553412,13.503275,2
1196,32110.508623,1666468218.820817,11.839093,13.488708,3
1197,33184.839845,1525456221.451768,11.170509,14.106805,0
1198,38926.739560,1932585920.798483,10.982750,15.038293,2
1199,37592.120335,1965078968.108103,11.406695,13.863306,2
1200,35736.158490,1737164933.475499,11.125471,15.055610,5
1201,34236.968251,1695744987.453645,11.086578,15.330584,2
1202,31203.873396,1485517956.210519,11.379440,13.887564,2
1203,32766.670899,1864247790.454266,11.945470,12.805287,2
1204,26451.094148,1167333893.587969,12.172037,12.880866,2
1205,35729.200134,1757356367.168607,11.788307,12.913377,2
1206,37711.309526,1691005745.116133,11.516987,13.224481,2
1207,31687.333361,1602708506.706816,11.678545,13.703208,2
1208,34131.502433,1682579735.638467,11.802342,13.255363,2
1209,33609.415506,1718800359.255967,11.281722,14.459341,2
1210,34000.579026,1576252474.223496,11.505242,14.202804,2
1211,28516.102869,1437577500.127281,12.398599,12.064323,2
1212,33871.807889,1671090382.941351,11.634293,12.705351,2
1213,24473.333241,1337362242.147013,11.683679,14.021254,2
1214,32949.007377,1498326061.411970,11.082893,14.157262,2
1215,31375.371723,1469528522.899864,11.500701,13.899955,2
1216,34848.460517,1896856397.880113,12.030977,12.870444,4
1217,37545.187883,1909180909.150131,11.499417,12.685153,2
1218,34229.367519,1732191906.300544,11.689446,13.494242,2
1219,33576.066148,1647255881.909124,11.599947,13.358019,2
1220,36088.306389,1877993414.540205,11.724247,13.325855,2
1221,35348.902599,1871434694.882514,11.782587,12.513300,1
1222,31413.934872,1424889350.050590,11.506374,13.132950,2
1223,35814.421074,1828531751.477535,11.661240,13.165930,2
1224,36042.223144,1791736638.289095,12.410742,12.133718,2
1225,33148.380307,1492382352.586238,12.185233,11.545583,0
1226,31931.670641,1717145150.518203,12.859847,10.621540,2
1227,36456.383710,1685834105.649320,12.155713,11.081073,2
1228,34457.735345,1684287365.565420,12.227000,11.799644,2
1229,35738.091257,1713487429.713603,11.857647,12.099925,1
1230,37055.367196,1818292127.802138,12.332600,11.003880,2
1231,34355.191708,1673111295.964164,12.543450,11.393489,2
1232,36335.798626,1834634024.169592,12.480999,11.093761,2
1233,27792.635990,1141038213.046958,12.118746,12.628007,2
1234,30152.619682,1739893455.955779,12.466921,11.861287,2
1235,33443.096637,1806680940.610213,11.894394,12.696928,5
1236,26448.398280,1537100846.754750,12.951326,11.020686,2
1237,29405.153974,1382385106.337797,11.758989,12.813431,2
1238,30188.960842,1485345016.677394,12.046434,12.401126,2
1239,35490.557322,1946744317.488731,11.857867,12.599569,2
1240,37004.333046,2011310602.930174,12.047369,12.514762,2
1241,33918.306796,1775275991.268863,12.124197,12.492904,2
1242,33561.092670,1691833125.548529,11.706900,13.412453,2
1243,32627.619184,1698766190.165465,11.400785,14.042522,2
1244,34467.154557,1765665246.998081,11.529883,13.339057,2
1245,28617.757932,1508184722.466954,11.202447,15.114824,2
1246,28745.186786,1563509652.300846,10.901444,15.783626,4
1247,32546.786597,1711474515.589534,12.197652,13.003043,2
1248,36025.639750,1779628676.044195,11.369058,14.588780,2
1249,37079.914737,1873270757.542243,10.949964,15.191904,2
1250,34045.008114,1856724037.066709,11.297295,15.135626,2
1251,35111.857863,1830580089.798286,11.656457,13.373476,2
